<?xml version="1.0" encoding="UTF-8"?>
<project-private xmlns="http://www.netbeans.org/ns/project-private/1">
    <editor-bookmarks xmlns="http://www.netbeans.org/ns/editor-bookmarks/2" lastBookmarkId="0"/>
    <open-files xmlns="http://www.netbeans.org/ns/projectui-open-files/2">
        <group>
            <file>file:/C:/Users/Park/Documents/NetBeansProjects/IoTBay-belindaTjhin-testDB-patch/iotbay/web/one.jsp</file>
            <file>file:/C:/Users/Park/Documents/NetBeansProjects/IoTBay-belindaTjhin-testDB-patch/iotbay/src/java/uts/isd/controller/LoginServlet.java</file>
            <file>file:/C:/Users/Park/Documents/NetBeansProjects/IoTBay-belindaTjhin-testDB-patch/iotbay/src/java/uts/isd/controller/Validator.java</file>
            <file>file:/C:/Users/Park/Documents/NetBeansProjects/IoTBay-belindaTjhin-testDB-patch/iotbay/src/java/uts/isd/model/dao/DBManager.java</file>
            <file>file:/C:/Users/Park/Documents/NetBeansProjects/IoTBay-belindaTjhin-testDB-patch/iotbay/web/update_user.jsp</file>
            <file>file:/C:/Users/Park/Documents/NetBeansProjects/IoTBay-belindaTjhin-testDB-patch/iotbay/web/WEB-INF/web.xml</file>
            <file>file:/C:/Users/Park/Documents/NetBeansProjects/IoTBay-belindaTjhin-testDB-patch/iotbay/src/java/uts/isd/controller/TestDB.java</file>
            <file>file:/C:/Users/Park/Documents/NetBeansProjects/IoTBay-belindaTjhin-testDB-patch/iotbay/web/login.jsp</file>
            <file>file:/C:/Users/Park/Documents/NetBeansProjects/IoTBay-belindaTjhin-testDB-patch/iotbay/web/index.jsp</file>
            <file>file:/C:/Users/Park/Documents/NetBeansProjects/IoTBay-belindaTjhin-testDB-patch/iotbay/src/java/uts/isd/controller/ConnServlet.java</file>
            <file>file:/C:/Users/Park/Documents/NetBeansProjects/IoTBay-belindaTjhin-testDB-patch/iotbay/src/java/uts/isd/model/User.java</file>
            <file>file:/C:/Users/Park/Documents/NetBeansProjects/IoTBay-belindaTjhin-testDB-patch/iotbay/web/index.html</file>
            <file>file:/C:/Users/Park/Documents/NetBeansProjects/IoTBay-belindaTjhin-testDB-patch/iotbay/web/logout.jsp</file>
        </group>
    </open-files>
</project-private>
